name,sub_name,location,hiring
Java developer (Software Engineer),Walmart Global Tech India,"Chennai, Tamil Nadu, India",Actively Hiring
Software Engineer I,Mastercard,"Pune, Maharashtra, India",Actively Hiring
Junior Software Engineer,Convocean,India,Be an early applicant
Software Engineer,Microsoft,"Hyderabad, Telangana, India",Actively Hiring
Software Development Engineer I,Mastercard,"Pune, Maharashtra, India",Actively Hiring
Software Development Engineer,Adobe,"Bengaluru, Karnataka, India",Actively Hiring
ML Developer Fresher GIG 1 1 1 1,EY,"Bengaluru, Karnataka, India",Actively Hiring
ML Developer Fresher GIG 1 1 1 1 1 1 1,EY,"Bengaluru, Karnataka, India",Actively Hiring
Software Development Engineer I,Mastercard,"Pune, Maharashtra, India",Actively Hiring
Software Engineer,Dell Technologies,"Bengaluru, Karnataka, India",Actively Hiring
ML Developer Fresher GIG 1 1 1 1 1 1 1 1,EY,"Bengaluru, Karnataka, India",Actively Hiring
Software Development Engineer,Amazon,"Bengaluru, Karnataka, India",Actively Hiring
Software Development Engineer,Amazon,"Bengaluru, Karnataka, India",Actively Hiring
ML Developer Fresher GIG 1 1 1 1,EY,"Bengaluru, Karnataka, India",Actively Hiring
Python Developer,Eduroids,India,Actively Hiring
Software Engineer,Citrix,"Bangalore Urban, Karnataka, India",Actively Hiring
ML Developer Fresher GIG,EY,"Bengaluru, Karnataka, India",Actively Hiring
"Software Engineer, University Graduate, 2022 Start",Google,"Bengaluru, Karnataka, India",Actively Hiring
Software Engineer,CS Mock,India,Actively Hiring
Software Development Engineer,Amazon,"Bengaluru, Karnataka, India",Actively Hiring
Software Development Engineer,Amazon,"Bengaluru, Karnataka, India",Actively Hiring
Software Development Engineer,Adobe,"Bengaluru, Karnataka, India",Actively Hiring
"Software Engineer, University Graduate, 2022 Start",Google,"Hyderabad, Telangana, India",Actively Hiring
Software Engineer 1,Dell Technologies,"Hyderabad, Telangana, India",Actively Hiring
"Software Development Engineer, DCT",Amazon,"Bengaluru, Karnataka, India",Actively Hiring
Java developer (Software Engineer),Walmart Global Tech India,"Chennai, Tamil Nadu, India",Actively Hiring
Software Engineer I,Mastercard,"Pune, Maharashtra, India",Actively Hiring
Junior Software Engineer,Convocean,India,Be an early applicant
Software Engineer,Microsoft,"Hyderabad, Telangana, India",Actively Hiring
Software Development Engineer I,Mastercard,"Pune, Maharashtra, India",Actively Hiring
Software Development Engineer,Adobe,"Bengaluru, Karnataka, India",Actively Hiring
ML Developer Fresher GIG 1 1 1 1,EY,"Bengaluru, Karnataka, India",Actively Hiring
ML Developer Fresher GIG 1 1 1 1 1 1 1,EY,"Bengaluru, Karnataka, India",Actively Hiring
Software Development Engineer I,Mastercard,"Pune, Maharashtra, India",Actively Hiring
Software Engineer,Dell Technologies,"Bengaluru, Karnataka, India",Actively Hiring
ML Developer Fresher GIG 1 1 1 1 1 1 1 1,EY,"Bengaluru, Karnataka, India",Actively Hiring
Software Development Engineer,Amazon,"Bengaluru, Karnataka, India",Actively Hiring
Software Development Engineer,Amazon,"Bengaluru, Karnataka, India",Actively Hiring
ML Developer Fresher GIG 1 1 1 1,EY,"Bengaluru, Karnataka, India",Actively Hiring
Python Developer,Eduroids,India,Actively Hiring
Software Engineer,Citrix,"Bangalore Urban, Karnataka, India",Actively Hiring
ML Developer Fresher GIG,EY,"Bengaluru, Karnataka, India",Actively Hiring
"Software Engineer, University Graduate, 2022 Start",Google,"Bengaluru, Karnataka, India",Actively Hiring
Software Engineer,CS Mock,India,Actively Hiring
Software Development Engineer,Amazon,"Bengaluru, Karnataka, India",Actively Hiring
Software Development Engineer,Amazon,"Bengaluru, Karnataka, India",Actively Hiring
Software Development Engineer,Adobe,"Bengaluru, Karnataka, India",Actively Hiring
"Software Engineer, University Graduate, 2022 Start",Google,"Hyderabad, Telangana, India",Actively Hiring
Software Engineer 1,Dell Technologies,"Hyderabad, Telangana, India",Actively Hiring
"Software Development Engineer, DCT",Amazon,"Bengaluru, Karnataka, India",Actively Hiring
Java developer (Software Engineer),Walmart Global Tech India,"Chennai, Tamil Nadu, India",Actively Hiring
Software Engineer I,Mastercard,"Pune, Maharashtra, India",Actively Hiring
Junior Software Engineer,Convocean,India,Be an early applicant
Software Engineer,Microsoft,"Hyderabad, Telangana, India",Actively Hiring
Software Development Engineer I,Mastercard,"Pune, Maharashtra, India",Actively Hiring
Software Development Engineer,Adobe,"Bengaluru, Karnataka, India",Actively Hiring
ML Developer Fresher GIG 1 1 1 1,EY,"Bengaluru, Karnataka, India",Actively Hiring
ML Developer Fresher GIG 1 1 1 1 1 1 1,EY,"Bengaluru, Karnataka, India",Actively Hiring
Software Development Engineer I,Mastercard,"Pune, Maharashtra, India",Actively Hiring
Software Engineer,Dell Technologies,"Bengaluru, Karnataka, India",Actively Hiring
ML Developer Fresher GIG 1 1 1 1 1 1 1 1,EY,"Bengaluru, Karnataka, India",Actively Hiring
Software Development Engineer,Amazon,"Bengaluru, Karnataka, India",Actively Hiring
Software Development Engineer,Amazon,"Bengaluru, Karnataka, India",Actively Hiring
ML Developer Fresher GIG 1 1 1 1,EY,"Bengaluru, Karnataka, India",Actively Hiring
Python Developer,Eduroids,India,Actively Hiring
Software Engineer,Citrix,"Bangalore Urban, Karnataka, India",Actively Hiring
ML Developer Fresher GIG,EY,"Bengaluru, Karnataka, India",Actively Hiring
"Software Engineer, University Graduate, 2022 Start",Google,"Bengaluru, Karnataka, India",Actively Hiring
Software Engineer,CS Mock,India,Actively Hiring
Software Development Engineer,Amazon,"Bengaluru, Karnataka, India",Actively Hiring
Software Development Engineer,Amazon,"Bengaluru, Karnataka, India",Actively Hiring
Software Development Engineer,Adobe,"Bengaluru, Karnataka, India",Actively Hiring
"Software Engineer, University Graduate, 2022 Start",Google,"Hyderabad, Telangana, India",Actively Hiring
Software Engineer 1,Dell Technologies,"Hyderabad, Telangana, India",Actively Hiring
"Software Development Engineer, DCT",Amazon,"Bengaluru, Karnataka, India",Actively Hiring
Java developer (Software Engineer),Walmart Global Tech India,"Chennai, Tamil Nadu, India",Actively Hiring
Software Engineer I,Mastercard,"Pune, Maharashtra, India",Actively Hiring
Junior Software Engineer,Convocean,India,Be an early applicant
Software Engineer,Microsoft,"Hyderabad, Telangana, India",Actively Hiring
Software Development Engineer I,Mastercard,"Pune, Maharashtra, India",Actively Hiring
Software Development Engineer,Adobe,"Bengaluru, Karnataka, India",Actively Hiring
ML Developer Fresher GIG 1 1 1 1,EY,"Bengaluru, Karnataka, India",Actively Hiring
ML Developer Fresher GIG 1 1 1 1 1 1 1,EY,"Bengaluru, Karnataka, India",Actively Hiring
Software Development Engineer I,Mastercard,"Pune, Maharashtra, India",Actively Hiring
Software Engineer,Dell Technologies,"Bengaluru, Karnataka, India",Actively Hiring
ML Developer Fresher GIG 1 1 1 1 1 1 1 1,EY,"Bengaluru, Karnataka, India",Actively Hiring
Software Development Engineer,Amazon,"Bengaluru, Karnataka, India",Actively Hiring
Software Development Engineer,Amazon,"Bengaluru, Karnataka, India",Actively Hiring
ML Developer Fresher GIG 1 1 1 1,EY,"Bengaluru, Karnataka, India",Actively Hiring
Python Developer,Eduroids,India,Actively Hiring
Software Engineer,Citrix,"Bangalore Urban, Karnataka, India",Actively Hiring
ML Developer Fresher GIG,EY,"Bengaluru, Karnataka, India",Actively Hiring
"Software Engineer, University Graduate, 2022 Start",Google,"Bengaluru, Karnataka, India",Actively Hiring
Software Engineer,CS Mock,India,Actively Hiring
Software Development Engineer,Amazon,"Bengaluru, Karnataka, India",Actively Hiring
Software Development Engineer,Amazon,"Bengaluru, Karnataka, India",Actively Hiring
Software Development Engineer,Adobe,"Bengaluru, Karnataka, India",Actively Hiring
"Software Engineer, University Graduate, 2022 Start",Google,"Hyderabad, Telangana, India",Actively Hiring
Software Engineer 1,Dell Technologies,"Hyderabad, Telangana, India",Actively Hiring
"Software Development Engineer, DCT",Amazon,"Bengaluru, Karnataka, India",Actively Hiring
